filename,eyelid_top,eyelid_top_rotate,eyelid_bottom,eyelid_bottom_rotate,iris_size,pupil_size,eye_look_x,eye_look_y,eyebrow_center_y,eyebrow_center_x,eyebrow_scale,eyebrow_rotate,eyebrow1,eyebrow2,eyebrow30,eyebrow4,eyebrow5,eyebrow6
angry_010.jpg,0.0,0.0,-0.504,-0.687,0.587,0.5,0.0,0.0,0.299,0.288,0.5,-11.5,0.1,-0.1,0.1,-0.15,-0.0701,0.2
angry_07.jpg,0.0,0.0,-0.875,-0.459,0.604,0.5,-0.761,-0.63,0.436,0.276,0.5,-25.0,0.1,-0.1,-0.0744,-0.15,0.0427,0.0197
angry_06.jpg,0.0,0.0,-0.481,-1.0,0.342,0.5,-0.157,-0.761,0.385,0.231,0.5,-30.0,0.1,-0.1,-0.0675,-0.1632,-0.0051,0.17
sad_07.jpg,0.0,0.0,-0.687,-1.0,0.712,0.558,-0.499,-0.698,0.0,-0.094,0.5,45.0,0.1,-0.1,0.0236,-0.2,-0.1479,-0.1
happy_05.jpg,0.0,0.0,0.0,0.0,0.5,0.5,-0.698,-0.601,0.208,0.242,0.5,-1.5,0.043,0.0,0.014,-0.1385,-0.2,0.1
angry_03.jpg,0.538,1.0,-0.453,-0.481,0.587,0.422,-0.248,0.573,0.276,0.219,0.553,-25.0,0.1,-0.1,0.0,0.0009,-0.1598,0.1
neutral_08.jpg,0.333,0.0,0.0,0.0,0.655,0.5,-0.219,0.607,0.111,0.0,0.5,5.9,0.0556,0.0,0.0,-0.1291,0.0248,0.0436
sad_08.jpg,0.681,0.0,-0.652,0.0,0.279,0.265,0.134,0.88,0.0,0.003,0.5,25.0,0.0567,-0.0185,-0.0328,-0.1624,-0.1368,-0.0692
